[
  {
    "id": "162d4f65-175f-4cac-89c8-f9eeac3f7ccb",
    "data": [
      {
        "text": "I would like to ",
        "userDefined": false
      },
      {
        "text": "have",
        "meta": "@food_items_entity",
        "alias": "food_items_entity1",
        "userDefined": true
      },
      {
        "text": " ",
        "userDefined": false
      },
      {
        "text": "1",
        "meta": "@sys.number",
        "alias": "quantity1",
        "userDefined": false
      },
      {
        "text": " ",
        "userDefined": false
      },
      {
        "text": "biriyani",
        "meta": "@food_items_entity",
        "alias": "food_items_entity1",
        "userDefined": true
      },
      {
        "text": " and ",
        "userDefined": false
      },
      {
        "text": "two",
        "meta": "@sys.number",
        "alias": "quantity2",
        "userDefined": false
      },
      {
        "text": " ",
        "userDefined": false
      },
      {
        "text": "mango lassi",
        "meta": "@food_items_entity",
        "alias": "food_items_entity2",
        "userDefined": true
      }
    ],
    "isTemplate": false,
    "count": 0,
    "lang": "en",
    "updated": 0
  },
  {
    "id": "8b806482-ac7f-4df2-8764-7acfacb66c08",
    "data": [
      {
        "text": "One",
        "meta": "@sys.number",
        "alias": "quantity1",
        "userDefined": true
      },
      {
        "text": " ",
        "userDefined": false
      },
      {
        "text": "chicken dumpling",
        "meta": "@food_items_entity",
        "alias": "food_items_entity1",
        "userDefined": true
      },
      {
        "text": " and ",
        "userDefined": false
      },
      {
        "text": "two",
        "meta": "@sys.number",
        "alias": "quantity2",
        "userDefined": true
      },
      {
        "text": " ",
        "userDefined": false
      },
      {
        "text": "spring rolls",
        "meta": "@food_items_entity",
        "alias": "food_items_entity2",
        "userDefined": true
      },
      {
        "text": ".",
        "userDefined": false
      }
    ],
    "isTemplate": false,
    "count": 0,
    "lang": "en",
    "updated": 0
  }
]