[
  {
    "id": "23d31c24-9047-4ef3-bc47-1b5c2cf81bcc",
    "data": [
      {
        "text": "where is my order?",
        "userDefined": false
      }
    ],
    "isTemplate": false,
    "count": 0,
    "lang": "en",
    "updated": 0
  },
  {
    "id": "1669230a-42bc-4343-94e1-90de1189b960",
    "data": [
      {
        "text": "I haven\u0027t received my order yet",
        "userDefined": false
      }
    ],
    "isTemplate": false,
    "count": 0,
    "lang": "en",
    "updated": 0
  },
  {
    "id": "3c9e960c-a617-4590-bfec-9dbf9d1e355d",
    "data": [
      {
        "text": "Hello, when will I receive my food order?",
        "userDefined": false
      }
    ],
    "isTemplate": false,
    "count": 0,
    "lang": "en",
    "updated": 0
  },
  {
    "id": "8f599ddd-ce46-4993-8984-f946bf791069",
    "data": [
      {
        "text": "Where is my food?",
        "userDefined": false
      }
    ],
    "isTemplate": false,
    "count": 0,
    "lang": "en",
    "updated": 0
  },
  {
    "id": "f5f516d8-fd90-457b-8d61-925ac1217848",
    "data": [
      {
        "text": "Can you please tell me where is my food?",
        "userDefined": false
      }
    ],
    "isTemplate": false,
    "count": 0,
    "lang": "en",
    "updated": 0
  },
  {
    "id": "6fefec6e-28cb-40c9-b961-d382515cd2bb",
    "data": [
      {
        "text": "What is the status of my food order?",
        "userDefined": false
      }
    ],
    "isTemplate": false,
    "count": 0,
    "lang": "en",
    "updated": 0
  },
  {
    "id": "f9899a3f-8bec-4c0e-9d0f-62baebef9b4e",
    "data": [
      {
        "text": "Can you please help me know my food order status?",
        "userDefined": false
      }
    ],
    "isTemplate": false,
    "count": 0,
    "lang": "en",
    "updated": 0
  },
  {
    "id": "50989094-9a51-4213-bdd1-c1ca47ce3635",
    "data": [
      {
        "text": "Tell me where is my food?",
        "userDefined": false
      }
    ],
    "isTemplate": false,
    "count": 0,
    "lang": "en",
    "updated": 0
  }
]