[
  {
    "id": "14a0fe0c-ec9c-4137-9844-106f5205a1c2",
    "data": [
      {
        "text": "I am looking to order Chinese food",
        "userDefined": false
      }
    ],
    "isTemplate": false,
    "count": 0,
    "lang": "en",
    "updated": 0
  },
  {
    "id": "eaba4f7d-4396-4dfc-bc07-0b912cb084e8",
    "data": [
      {
        "text": "I am looking to order Thai food",
        "userDefined": false
      }
    ],
    "isTemplate": false,
    "count": 0,
    "lang": "en",
    "updated": 0
  },
  {
    "id": "1979445c-1c6f-477f-8835-549b09c2fa40",
    "data": [
      {
        "text": "I want to order food",
        "userDefined": false
      }
    ],
    "isTemplate": false,
    "count": 0,
    "lang": "en",
    "updated": 0
  },
  {
    "id": "a0d41658-8c16-40ca-bb1f-f387c3156518",
    "data": [
      {
        "text": "Can you please order food for me?",
        "userDefined": false
      }
    ],
    "isTemplate": false,
    "count": 0,
    "lang": "en",
    "updated": 0
  },
  {
    "id": "f514adae-e41d-4c50-b7e5-1b0ddf64ed7e",
    "data": [
      {
        "text": "Would you please help me to order food?",
        "userDefined": false
      }
    ],
    "isTemplate": false,
    "count": 0,
    "lang": "en",
    "updated": 0
  },
  {
    "id": "c5c46dde-294b-48c7-9953-92a3705880fd",
    "data": [
      {
        "text": "I want to place an order",
        "userDefined": false
      }
    ],
    "isTemplate": false,
    "count": 0,
    "lang": "en",
    "updated": 0
  },
  {
    "id": "228924e3-3d4a-4b1e-9098-dcb9574d0780",
    "data": [
      {
        "text": "I want to place an order for Chinese food",
        "userDefined": false
      }
    ],
    "isTemplate": false,
    "count": 0,
    "lang": "en",
    "updated": 0
  },
  {
    "id": "afb5ee93-a293-474a-9787-7acd1850d8b4",
    "data": [
      {
        "text": "Take my order please",
        "userDefined": false
      }
    ],
    "isTemplate": false,
    "count": 0,
    "lang": "en",
    "updated": 0
  },
  {
    "id": "995519b8-a1d8-4cd8-97ce-74f390bc0f7c",
    "data": [
      {
        "text": "Can you please take my order for food?",
        "userDefined": false
      }
    ],
    "isTemplate": false,
    "count": 0,
    "lang": "en",
    "updated": 0
  },
  {
    "id": "d09396bc-b5f8-473a-b639-4f82be9e2253",
    "data": [
      {
        "text": "I want to order food asap",
        "userDefined": false
      }
    ],
    "isTemplate": false,
    "count": 0,
    "lang": "en",
    "updated": 0
  },
  {
    "id": "0b25a25f-22fc-4476-b8b2-bf84179440aa",
    "data": [
      {
        "text": "I want food",
        "userDefined": false
      }
    ],
    "isTemplate": false,
    "count": 0,
    "lang": "en",
    "updated": 0
  }
]