[
  {
    "id": "3ef8c37a-b5f6-4c7c-b436-40a4b2eeb71a",
    "data": [
      {
        "text": "662286",
        "meta": "@order_id",
        "alias": "order_id",
        "userDefined": true
      }
    ],
    "isTemplate": false,
    "count": 0,
    "lang": "en",
    "updated": 0
  },
  {
    "id": "28a87304-bc3b-4ff7-a113-ff851e3953e4",
    "data": [
      {
        "text": "my order id is ",
        "userDefined": false
      },
      {
        "text": "123456",
        "meta": "@order_id",
        "alias": "order_id",
        "userDefined": true
      }
    ],
    "isTemplate": false,
    "count": 0,
    "lang": "en",
    "updated": 0
  },
  {
    "id": "36cfc3ed-70b0-4a27-b3a5-27f9f077759c",
    "data": [
      {
        "text": "order id ",
        "userDefined": false
      },
      {
        "text": "453455",
        "meta": "@order_id",
        "alias": "order_id",
        "userDefined": true
      }
    ],
    "isTemplate": false,
    "count": 0,
    "lang": "en",
    "updated": 0
  },
  {
    "id": "71ebb531-f927-4c16-8142-11723218d6a2",
    "data": [
      {
        "text": "Order ID: ",
        "userDefined": false
      },
      {
        "text": "545454",
        "meta": "@order_id",
        "alias": "order_id",
        "userDefined": true
      }
    ],
    "isTemplate": false,
    "count": 0,
    "lang": "en",
    "updated": 0
  },
  {
    "id": "72683ec5-6484-432e-bb81-7e33beed8889",
    "data": [
      {
        "text": "Sure, my order ID is ",
        "userDefined": false
      },
      {
        "text": "394820",
        "meta": "@order_id",
        "alias": "order_id",
        "userDefined": true
      }
    ],
    "isTemplate": false,
    "count": 0,
    "lang": "en",
    "updated": 0
  },
  {
    "id": "7325a2ad-02d1-4aad-ac10-3a6ac6856537",
    "data": [
      {
        "text": "Why not order id ",
        "userDefined": false
      },
      {
        "text": "001212",
        "meta": "@order_id",
        "alias": "order_id",
        "userDefined": true
      }
    ],
    "isTemplate": false,
    "count": 0,
    "lang": "en",
    "updated": 0
  },
  {
    "id": "21be0c97-c411-440b-81cc-0cd6fd380380",
    "data": [
      {
        "text": "yes, order number ",
        "userDefined": false
      },
      {
        "text": "001901",
        "meta": "@order_id",
        "alias": "order_id",
        "userDefined": true
      }
    ],
    "isTemplate": false,
    "count": 0,
    "lang": "en",
    "updated": 0
  },
  {
    "id": "4bfd8031-80ca-43b1-b7bb-746fd9454455",
    "data": [
      {
        "text": "785648",
        "meta": "@order_id",
        "alias": "order_id",
        "userDefined": true
      }
    ],
    "isTemplate": false,
    "count": 0,
    "lang": "en",
    "updated": 0
  },
  {
    "id": "13c38d88-bbdb-46db-8d01-92f1ecec90d5",
    "data": [
      {
        "text": "123456",
        "meta": "@order_id",
        "alias": "order_id",
        "userDefined": true
      }
    ],
    "isTemplate": false,
    "count": 0,
    "lang": "en",
    "updated": 0
  }
]