[
  {
    "id": "54d0aa7c-52e0-41b7-872d-0a32b8627678",
    "data": [
      {
        "text": "Thank you",
        "userDefined": false
      }
    ],
    "isTemplate": false,
    "count": 0,
    "lang": "en",
    "updated": 0
  },
  {
    "id": "97fc6208-18a2-4c33-a35e-a90645d1949b",
    "data": [
      {
        "text": "Thanks a lot",
        "userDefined": false
      }
    ],
    "isTemplate": false,
    "count": 0,
    "lang": "en",
    "updated": 0
  },
  {
    "id": "ee5ec9df-32b0-4664-882e-9b3035030ad0",
    "data": [
      {
        "text": "Thank you so much",
        "userDefined": false
      }
    ],
    "isTemplate": false,
    "count": 0,
    "lang": "en",
    "updated": 0
  },
  {
    "id": "9e91ec6e-bae8-4774-b35c-85798842ef67",
    "data": [
      {
        "text": "ok thank you",
        "userDefined": false
      }
    ],
    "isTemplate": false,
    "count": 0,
    "lang": "en",
    "updated": 0
  },
  {
    "id": "72629139-eea4-4bcd-809c-bfa8f8deb23e",
    "data": [
      {
        "text": "well thank you",
        "userDefined": false
      }
    ],
    "isTemplate": false,
    "count": 0,
    "lang": "en",
    "updated": 0
  },
  {
    "id": "da893b72-7c02-4d09-aa10-f108b44934cf",
    "data": [
      {
        "text": "thank ",
        "userDefined": false
      },
      {
        "text": "a ton",
        "userDefined": false
      }
    ],
    "isTemplate": false,
    "count": 0,
    "lang": "en",
    "updated": 0
  },
  {
    "id": "d6748048-c7df-4fd7-9f73-4673bc0debb4",
    "data": [
      {
        "text": "ok waiting thank you",
        "userDefined": false
      }
    ],
    "isTemplate": false,
    "count": 0,
    "lang": "en",
    "updated": 0
  }
]